ECK120011235	CRP	ECK120013723	34166	34187	forward	ECK120031493	caiF	+	caiFp	-41.5	ttgatgacatAAGCAGGATTTAGCTCACACTTatcgacggtg	[BCE|W|Binding of cellular extracts],[GEA|W|Gene expression analysis]	Weak
ECK120011235	CRP	ECK120013333	42068	42089	reverse	ECK120031992	caiTABCDE	+	caiTp	-41.5	cccgaaacaaAAATGTGATACCAATCACAGAAtacagcttat	[BCE|W|Binding of cellular extracts],[GEA|W|Gene expression analysis],[HIBSCS|W|Human inference based on similarity to consensus sequences]	Weak
ECK120011235	CRP	ECK120013721	42188	42209	forward	ECK120031499	fixABCX	+	fixAp	-126.5	gactttcaatATTGGTGATCCATAAAACAATAttgaaaattt	[GEA|W|Gene expression analysis],[HIBSCS|W|Human inference based on similarity to consensus sequences]	Weak
ECK120011235	CRP	ECK120013719	42245	42266	forward	ECK120031500	fixABCX	+	fixAp	-69.5	tgttttcaatATTGGTGAGGAACTTAACAATAttgaaagttg	[GEA|W|Gene expression analysis],[HIBSCS|W|Human inference based on similarity to consensus sequences]	Weak
ECK120011235	CRP	ECK125135218	118698	118719	reverse	ECK125135219	nadC	+	nadCp	-45.5	ggatctccttATATGTGGTGCTAATACCCGGTtcagagtagc	[GEA|W|Gene expression analysis],[AIBSCS|W|Automated inference based on similarity to consensus sequences]	Weak
ECK120011235	CRP	ECK125135218	118698	118719	forward	ECK125135235	ampDE	-	ampD	6.5	gctactctgaACCGGGTATTAGCACCACATATaaggagatcc	[GEA|W|Gene expression analysis],[AIBSCS|W|Automated inference based on similarity to consensus sequences],[HIBSCS|W|Human inference based on similarity to consensus sequences]	Weak
ECK120011235	CRP	ECK120016048	121646	121667	forward	ECK120031477	pdhR-aceEF-lpd	+	pdhRp	-377.5	tacatcaaagAAGTTTGAATTGTTACAAAAAGacttccgtca	[GEA|W|Gene expression analysis],[AIBSCS|W|Automated inference based on similarity to consensus sequences]	Weak
ECK120011235	CRP	ECK120016050	121913	121934	forward	ECK120031476	pdhR-aceEF-lpd	+	pdhRp	-110.5	taaagtctacATTTGTGCATAGTTACAACTTTgaaacgttat	[GEA|W|Gene expression analysis],[AIBSCS|W|Automated inference based on similarity to consensus sequences]	Weak
ECK120011235	CRP	ECK120013770	121941	121962	forward	ECK120031478	pdhR-aceEF-lpd	+	pdhRp	-82.5	ctttgaaacgTTATATATGTCAAGTTGTTAAAatgtgcacag	[GEA|W|Gene expression analysis],[AIBSCS|W|Automated inference based on similarity to consensus sequences],[HIBSCS|W|Human inference based on similarity to consensus sequences]	Weak
ECK120011235	CRP	ECK120013715	121953	121974	forward	ECK120031479	pdhR-aceEF-lpd	+	pdhRp	-70.5	atatatgtcaAGTTGTTAAAATGTGCACAGTTtcatgatttc	[GEA|W|Gene expression analysis],[AIBSCS|W|Automated inference based on similarity to consensus sequences],[HIBSCS|W|Human inference based on similarity to consensus sequences]	Weak
ECK120011235	CRP	ECK120016052	121961	121982	forward	ECK120031475	pdhR-aceEF-lpd	+	pdhRp	-62.5	caagttgttaAAATGTGCACAGTTTCATGATTtcaatcaaaa	[GEA|W|Gene expression analysis],[AIBSCS|W|Automated inference based on similarity to consensus sequences]	Weak
ECK120011235	CRP	ECK120016054	121973	121994	forward	ECK120031474	pdhR-aceEF-lpd	+	pdhRp	-50.5	atgtgcacagTTTCATGATTTCAATCAAAACCtgtatggaca	[GEA|W|Gene expression analysis],[AIBSCS|W|Automated inference based on similarity to consensus sequences]	Weak
ECK120011235	CRP	ECK120016152	127688	127709	forward	ECK120032252	lpd	-	lpdAp	-18.5	gttgtttaaaAATTGTTAACAATTTTGTAAAAtaccgacgga	[GEA|W|Gene expression analysis],[AIBSCS|W|Automated inference based on similarity to consensus sequences]	Weak
ECK120011235	CRP	ECK120014126	131471	131492	forward	ECK120031263	acnB	+	acnBp	-37.5	tatgttgcttTTTTGTAAACAGATTAACACCTcgtcaaaatc	[GEA|W|Gene expression analysis],[HIBSCS|W|Human inference based on similarity to consensus sequences]	Weak
ECK120011235	CRP	ECK120034575	161570	161591	reverse	ECK120034576	sfsA-dksA	+	sfsAp	-65.5	actggtcgtaTGCGGTGACGGAGTTCACCCTTtacgcctcct	[HIBSCS|W|Human inference based on similarity to consensus sequences]	Weak
ECK120011235	CRP	ECK125135220	214196	214217	forward	ECK125135221	yaeQ-arfB-nlpE	-	yaeQp	-73.5	actctgtttcGCAAGGTGACTATACCACACTCatttctgcaa	[GEA|W|Gene expression analysis],[HIBSCS|W|Human inference based on similarity to consensus sequences]	Weak
ECK120011235	CRP	ECK125135220	214196	214217	reverse	ECK125135232	yaeP-rof	-	yaePp	-19.5	ttgcagaaatGAGTGTGGTATAGTCACCTTGCgaaacagagt	[GEA|W|Gene expression analysis],[HIBSCS|W|Human inference based on similarity to consensus sequences]	Weak
ECK120011235	CRP	ECK125108621	313316	313337	reverse	ECK125108622	ykgR	+	ykgRp	-41.5	atctattcaaATTTGTGATACATGTCAAAAAAttggttgacc	[GEA|W|Gene expression analysis],[HIBSCS|W|Human inference based on similarity to consensus sequences]	Weak
ECK120011235	CRP	ECK120011487	368413	368434	forward	ECK120032712	mhpABCDFE	+	mhpAp	-95.5	ctgctcattgTTCTGCATATTAATTGACATTTctatagttaa	[BCE|W|Binding of cellular extracts],[GEA|W|Gene expression analysis],[HIBSCS|W|Human inference based on similarity to consensus sequences]	Weak
ECK120011235	CRP	ECK120016830	451680	451701	reverse	ECK120032190	cyoABCDE	+	cyoAp	-37.5	caagtaacagGAATTTAATCATGTTTACAGTAatgtaacctt	[GEA|W|Gene expression analysis],[AIBSCS|W|Automated inference based on similarity to consensus sequences]	Weak
ECK120011235	CRP	ECK120016828	451834	451855	reverse	ECK120032191	cyoABCDE	+	cyoAp	-191.5	tatttgttaaATAATTGTTTTATTTCACATTGgttataccaa	[GEA|W|Gene expression analysis],[AIBSCS|W|Automated inference based on similarity to consensus sequences]	Weak
ECK120011235	CRP	ECK120016034	612699	612720	reverse	ECK120032179	fepA-entD	+	fepAp	-42.5	accccatgttTACTGTGCAATTTTTCATTGATtgcagaaata	[GEA|W|Gene expression analysis],[AIBSCS|W|Automated inference based on similarity to consensus sequences]	Weak
ECK120011235	CRP	ECK120016028	624553	624574	forward	ECK120031743	entCEBAH	+	entCp	-267.5	gcgtaatgacAAATTCGACAAAGCGCACAATCcgtcccctcg	[GEA|W|Gene expression analysis],[AIBSCS|W|Automated inference based on similarity to consensus sequences]	Weak
ECK120011235	CRP	ECK120016030	624791	624812	forward	ECK120031742	entCEBAH	+	entCp	-29.5	cgttacctcaAGAGTTGACATAGTGCGCGTTTgcttttaggt	[GEA|W|Gene expression analysis],[AIBSCS|W|Automated inference based on similarity to consensus sequences]	Weak
ECK120011235	CRP	ECK125141260	652018	652039	forward	ECK125141261	dpiBA	-	dpiBp	45.5	ttcggcgtgaAATTTTGATTTATTTCACATAGagttagtggt	[AIBSCS|W|Automated inference based on similarity to consensus sequences]	Weak
ECK120011235	CRP	ECK125141260	652018	652039	reverse	ECK125141264	citCDEFXG	-	citCp2	11.5	accactaactCTATGTGAAATAAATCAAAATTtcacgccgaa	[AIBSCS|W|Automated inference based on similarity to consensus sequences]	Weak
ECK120011235	CRP	ECK120013033	754864	754885	forward	ECK120032199	sdhCDAB-sucABCD	+	sdhCp	-83.5	taaatgttgtTATCGTGACCTGGATCACTGTTcaggataaaa	[BCE|W|Binding of cellular extracts],[GEA|W|Gene expression analysis],[AIBSCS|W|Automated inference based on similarity to consensus sequences]	Weak
ECK120011235	CRP	ECK120013033	754864	754885	reverse	ECK120032216	gltA	+	gltAp1	-107.5	ttttatcctgAACAGTGATCCAGGTCACGATAacaacattta	[BCE|W|Binding of cellular extracts],[GEA|W|Gene expression analysis],[AIBSCS|W|Automated inference based on similarity to consensus sequences]	Weak
ECK120011235	CRP	ECK120013643	755380	755401	forward	ECK120031512	sdhDAB	+	sdhDp2	-13	tgggcagcttCTTCGTCAAATTTATCATGTGGggcatcctta	[BCE|W|Binding of cellular extracts]	Weak
ECK120011235	CRP	ECK120016846	794989	795010	forward	ECK120031459	modABC	+	modAp	-62.5	tgccgatattTTTTCTTATCTACCTCACAAAGgttagcaata	[GEA|W|Gene expression analysis],[AIBSCS|W|Automated inference based on similarity to consensus sequences]	Weak
ECK120011235	CRP	ECK120016038	841796	841817	reverse	ECK120032723	fiu	+	fiup	-158.5	agatgttcggTACTGCAACCATCTACAAATAAccccaccaac	[GEA|W|Gene expression analysis],[AIBSCS|W|Automated inference based on similarity to consensus sequences]	Weak
ECK120011235	CRP	ECK125135229	855839	855860	reverse	ECK125135230	ldtB	-	ybisp	-63.5	caaaggcaaaAAATGTGATTTCGTACACATCTgatttcactg	[GEA|W|Gene expression analysis],[AIBSCS|W|Automated inference based on similarity to consensus sequences]	Weak
ECK120011235	CRP	ECK125135229	855839	855860	forward	ECK125135233	ybiT	+	ybiTp	-97.5	cagtgaaatcAGATGTGTACGAAATCACATTTtttgcctttg	[GEA|W|Gene expression analysis],[AIBSCS|W|Automated inference based on similarity to consensus sequences],[HIBSCS|W|Human inference based on similarity to consensus sequences]	Weak
ECK120011235	CRP	ECK120016046	987134	987155	reverse	ECK120030923	ompF	+	ompFp	-52.5	tttgaaaccaAATCTTTATCTTTGTAGCACTTtcacggtagc	[GEA|W|Gene expression analysis],[AIBSCS|W|Automated inference based on similarity to consensus sequences]	Weak
ECK120011235	CRP	ECK120016044	987174	987195	reverse	ECK120030924	ompF	+	ompFp	-92.5	aagttccttaAATTTTACTTTTGGTTACATATtttttctttt	[GEA|W|Gene expression analysis],[AIBSCS|W|Automated inference based on similarity to consensus sequences]	Weak
ECK120011235	CRP	ECK120016042	987203	987224	reverse	ECK120030925	ompF	+	ompFp	-121.5	gtctctatggAAATATGACGGTGTTCACAAAGttccttaaat	[GEA|W|Gene expression analysis],[AIBSCS|W|Automated inference based on similarity to consensus sequences]	Weak
ECK120011235	CRP	ECK120016866	990441	990462	reverse	ECK120032064	pncB	-	pncBp	-37.5	aggtggcataTGGTGTGATCGGGGTTCAATAAattgcgaaac	[GEA|W|Gene expression analysis],[AIBSCS|W|Automated inference based on similarity to consensus sequences]	Weak
ECK120011235	CRP	ECK120016868	990611	990632	reverse	ECK120032063	pncB	-	pncBp	-207.5	ggcttgtggcTGTTGAGTCATAAATAACCTTTagcatctttt	[GEA|W|Gene expression analysis],[AIBSCS|W|Automated inference based on similarity to consensus sequences]	Weak
ECK120011235	CRP	ECK120012830	1020220	1020241	reverse	ECK120030904	ompA	+	ompAp1	-39.5	tttttttcatATGCCTGACGGAGTTCACACTTgtaagttttc	[GEA|W|Gene expression analysis],[HIBSCS|W|Human inference based on similarity to consensus sequences]	Weak
ECK120011235	CRP	ECK125228819	1020991	1021012	forward	ECK125228820	sxy	+	sxyp	-81.5	tcaaccctatTTTCGGAAAGAGCCTCGCAAATtttgtcgttg	[GEA|W|Gene expression analysis],[HIBSCS|W|Human inference based on similarity to consensus sequences]	Weak
ECK120011235	CRP	ECK120018502	1065316	1065337	forward	ECK125145881	agp	+	agpp	-232.5	tgctaaaaacCATTGTTATTAGTCTCACACTTttttattggt	[GEA|W|Gene expression analysis],[AIBSCS|W|Automated inference based on similarity to consensus sequences]	Weak
ECK120011235	CRP	ECK120013713	1079093	1079114	forward	ECK120031192	putP	-	putPp4	-106	aggtgcaaccGCAAAAAATGTGAGAGAGTGCAacctgatgaa	[GEA|W|Gene expression analysis],[HIBSCS|W|Human inference based on similarity to consensus sequences]	Weak
ECK120011235	CRP	ECK120013711	1079123	1079144	forward	ECK120031194	putP	-	putPp4	-76.5	caacctgatgAAAAATAGTGTCGCTGAGCACTaaaatttaat	[GEA|W|Gene expression analysis],[HIBSCS|W|Human inference based on similarity to consensus sequences]	Weak
ECK120011235	CRP	ECK120013709	1079155	1079176	forward	ECK120031193	putP	-	putPp4	-44.5	aaaatttaatGTAAATGGTGTGTTAAATCGATtgtgaataac	[GEA|W|Gene expression analysis],[HIBSCS|W|Human inference based on similarity to consensus sequences]	Weak
ECK120011235	CRP	ECK125158211	1100244	1100265	forward	ECK125158212	ycdZ	+	ycdZp4	4	ttgttgcataAAATGTGTGCTCGATCTCATTCatggccgcgt	[AIBSCS|W|Automated inference based on similarity to consensus sequences]	Weak
ECK120011235	CRP	ECK120016824	1103376	1103397	reverse	ECK120031686	csgDEFG	+	csgDp1	-42.5	acgagttacaTTTAGTTACATGTTTAACACTTgatttaagat	[GEA|W|Gene expression analysis],[AIBSCS|W|Automated inference based on similarity to consensus sequences]	Weak
ECK120011235	CRP	ECK120016826	1103504	1103525	reverse	ECK120031685	csgDEFG	+	csgDp1	-170.5	tttatatgcaTTATTAGTAAGTTATCACCATTtgtatgattt	[GEA|W|Gene expression analysis],[AIBSCS|W|Automated inference based on similarity to consensus sequences]	Weak
ECK120011235	CRP	ECK120012440	1329291	1329312	forward	ECK120032873	sohB	-	sohBp2	2	tgcctgttgtAAACTGTGAGCCAAAGCGTTGTttaaccaagg	[AIBSCS|W|Automated inference based on similarity to consensus sequences]	Weak
ECK120011235	CRP	ECK120012438	1329292	1329313	forward	ECK120032872	sohB	-	sohBp1	19.5	gcctgttgtaAACTGTGAGCCAAAGCGTTGTTtaaccaaggt	[AIBSCS|W|Automated inference based on similarity to consensus sequences]	Weak
ECK120011235	CRP	ECK120014121	1335730	1335751	forward	ECK120031260	acnA	+	acnAp2	-40.5	ctcttttatcAATTTGGGTTGTTATCAAATCGttacgcgatg	[GEA|W|Gene expression analysis],[HIBSCS|W|Human inference based on similarity to consensus sequences]	Weak
ECK120011235	CRP	ECK125161307	1361104	1361125	forward	ECK125161308	puuDRCBE	-	puuDp	63.5	atttagtccaCTTTGTGAGATTGAGCATGGAAaatataatga	[HIBSCS|W|Human inference based on similarity to consensus sequences],[IEP|W|Inferred from expression pattern]	Weak
ECK120011235	CRP	ECK120026335	1447410	1447431	forward	ECK125162244	feaB	+	feaBp1	-71.5	tattgtcacgATTTGCGGAGCTTGTCACAGCTgacaaagcga	[GEA|W|Gene expression analysis],[HIBSCS|W|Human inference based on similarity to consensus sequences]	Weak
ECK120011235	CRP	ECK120026335	1447410	1447431	reverse	ECK125162250	feaR	+	feaRp2	-111.5	tcgctttgtcAGCTGTGACAAGCTCCGCAAATcgtgacaata	[HIBSCS|W|Human inference based on similarity to consensus sequences]	Weak
ECK120011235	CRP	ECK120013797	1488120	1488141	forward	ECK120032337	aldA	+	aldAp	-59.5	ttacacttgtTTTTATGAAGCCCTTCACAGAAttgtcctttc	[BCE|W|Binding of cellular extracts],[GEA|W|Gene expression analysis]	Weak
ECK120011235	CRP	ECK120015678	1572125	1572146	reverse	ECK120031327	gadBC	-	gadBp	-63.5	cgataaataaCATTAGGATTTTGTTATTTAAAcacgagtcct	[GEA|W|Gene expression analysis],[HIBSCS|W|Human inference based on similarity to consensus sequences]	Weak
ECK120011235	CRP	ECK125134898	1610804	1610825	reverse	ECK125134899	uxaB	+	uxaBp	-94.5	tcctcgattaAACCATGATCCGCGCCACACTTttctcataaa	[HIBSCS|W|Human inference based on similarity to consensus sequences]	Weak
ECK120011235	CRP	ECK120016844	1619030	1619051	forward	ECK120032261	marRAB	+	marRp	-52.5	cgatttagcaAAACGTGGCATCGGTCAATTCAttcatttgac	[GEA|W|Gene expression analysis],[IMP|W|Inferred from mutant phenotype],[AIBSCS|W|Automated inference based on similarity to consensus sequences]	Weak
ECK120011235	CRP	ECK120014110	1668651	1668672	reverse	ECK120031175	mlc	-	mlcp1	-58.5	aaagcccgaaAAATGTGCTGTTAATCACATGCctaagtaaaa	[GEA|W|Gene expression analysis],[HIBSCS|W|Human inference based on similarity to consensus sequences]	Weak
ECK120011235	CRP	ECK120014110	1668651	1668672	reverse	ECK120031177	mlc-ynfK	+	mlcp2	-70.5	aaagcccgaaAAATGTGCTGTTAATCACATGCctaagtaaaa	[GEA|W|Gene expression analysis],[HIBSCS|W|Human inference based on similarity to consensus sequences]	Weak
ECK120011235	CRP	ECK125147060	1688539	1688560	reverse	ECK125147061	fumA	+	fumAp	-109.5	atccctgtttTAATGTGGAAATTAATCCCACTattaaagcaa	[HIBSCS|W|Human inference based on similarity to consensus sequences]	Weak
ECK120011235	CRP	ECK125147060	1688539	1688560	reverse	ECK125147061	fumAC	+	fumAp	-109.5	atccctgtttTAATGTGGAAATTAATCCCACTattaaagcaa	[HIBSCS|W|Human inference based on similarity to consensus sequences]	Weak
ECK120011235	CRP	ECK125147060	1688539	1688560	forward	ECK125147065	manA	-	manAp	-1.5	ttgctttaatAGTGGGATTAATTTCCACATTAaaacagggat	[HIBSCS|W|Human inference based on similarity to consensus sequences]	Weak
ECK120011235	CRP	ECK125147062	1688547	1688568	reverse	ECK125147063	fumA	+	fumAp	-117.5	catgatcaatCCCTGTTTTAATGTGGAAATTAatcccactat	[HIBSCS|W|Human inference based on similarity to consensus sequences]	Weak
ECK120011235	CRP	ECK125147062	1688547	1688568	reverse	ECK125147063	fumAC	+	fumAp	-117.5	catgatcaatCCCTGTTTTAATGTGGAAATTAatcccactat	[HIBSCS|W|Human inference based on similarity to consensus sequences]	Weak
ECK120011235	CRP	ECK125147062	1688547	1688568	forward	ECK125147066	manA	-	manAp	7.5	atagtgggatTAATTTCCACATTAAAACAGGGattgatcatg	[HIBSCS|W|Human inference based on similarity to consensus sequences]	Weak
ECK120011235	CRP	ECK120016040	1688832	1688853	reverse	ECK120032207	fumA	+	fumAp	-402.5	aatggagagtGGCTGTGCTGCGCATAATACTTtgaacaggaa	[GEA|W|Gene expression analysis],[AIBSCS|W|Automated inference based on similarity to consensus sequences]	Weak
ECK120011235	CRP	ECK120016040	1688832	1688853	reverse	ECK120032207	fumAC	+	fumAp	-402.5	aatggagagtGGCTGTGCTGCGCATAATACTTtgaacaggaa	[GEA|W|Gene expression analysis],[AIBSCS|W|Automated inference based on similarity to consensus sequences]	Weak
ECK120011235	CRP	ECK120015562	1696231	1696252	reverse	ECK120032530	uidABC	+	uidAp	-89.5	ttttaaagatTAATGCGATCTATATCACGCTGtgggtattgc	[GEA|W|Gene expression analysis],[HIBSCS|W|Human inference based on similarity to consensus sequences]	Weak
ECK120011235	CRP	ECK120019264	1735376	1735397	forward	ECK125145892	sodB	-	sodBp	64.5	aggagagtagCAATGTCATTCGAATTACCTGCactaccatat	[GEA|W|Gene expression analysis],[AIBSCS|W|Automated inference based on similarity to consensus sequences]	Weak
ECK120011235	CRP	ECK120026467	1842265	1842286	forward	ECK120032774	gdhA	-	gdhAp1	-32.5	gggtcattttTTTCTTGCTTACCGTCACATTCttgatggtat	[HIBSCS|W|Human inference based on similarity to consensus sequences]	Weak
ECK120011235	CRP	ECK120015703	1862545	1862566	forward	ECK120032549	gapA	+	gapAp3	-41.5	gctgcacctaAATCGTGATGAAAATCACATTTttatcgtaat	[GEA|W|Gene expression analysis],[HIBSCS|W|Human inference based on similarity to consensus sequences]	Weak
ECK120011235	CRP	ECK120013523	1901830	1901851	forward	ECK120032067	manXYZ	+	manXp	-92.5	ctttgcaaacGAATGTGACAAGGATATTTTACctttcgaaat	[GEA|W|Gene expression analysis],[AIBSCS|W|Automated inference based on similarity to consensus sequences],[HIBSCS|W|Human inference based on similarity to consensus sequences]	Weak
ECK120011235	CRP	ECK120013413	1901882	1901903	forward	ECK120032066	manXYZ	+	manXp	-40.5	cgaaagttaaATTACGGATCTTCATCACATAAaataattttt	[BCE|W|Binding of cellular extracts],[GEA|W|Gene expression analysis],[HIBSCS|W|Human inference based on similarity to consensus sequences]	Weak
ECK120011235	CRP	ECK125108617	1988009	1988030	reverse	ECK125108618	azuC	-	azuCp	-18.5	aaagattgatTTTTGTGATGGTTGTCATATTAtaagcgcaaa	[GEA|W|Gene expression analysis],[HIBSCS|W|Human inference based on similarity to consensus sequences]	Weak
ECK120011235	CRP	ECK125108619	1988039	1988060	reverse	ECK125108620	azuC	-	azuCp	-48.5	aaaggggtatTTATGTGATTTGTATCACATAAagattgattt	[GEA|W|Gene expression analysis],[HIBSCS|W|Human inference based on similarity to consensus sequences]	Weak
ECK120011235	CRP	ECK120035029	2233921	2233942	forward	ECK120035030	preTA	+	yeiTp	-57.5	aaccgcagctATTTGTGAATCTTTTCACAGTTtaaattcccc	[AIBSCS|W|Automated inference based on similarity to consensus sequences]	Weak
ECK120011235	CRP	ECK120012702	2241742	2241763	reverse	ECK120030984	galS	+	galSp	-42.5	ccgtttccatTGCTGTGACTCGATTCACGAAGtcctgtattc	[BCE|W|Binding of cellular extracts],[GEA|W|Gene expression analysis],[AIBSCS|W|Automated inference based on similarity to consensus sequences],[HIBSCS|W|Human inference based on similarity to consensus sequences]	Weak
ECK120011235	CRP	ECK125135224	2265362	2265383	forward	ECK125135225	yeiP	+	yeiPp	-44.5	tttgcaccagCAAAAGTGCGAATACCACTTGCccgaaaggcc	[GEA|W|Gene expression analysis],[AIBSCS|W|Automated inference based on similarity to consensus sequences]	Weak
ECK120011235	CRP	ECK125135224	2265362	2265383	reverse	ECK125135231	yeiW	+	yeiWp	-42.5	ggcctttcggGCAAGTGGTATTCGCACTTTTGctggtgcaaa	[GEA|W|Gene expression analysis],[AIBSCS|W|Automated inference based on similarity to consensus sequences],[HIBSCS|W|Human inference based on similarity to consensus sequences]	Weak
ECK120011235	CRP	ECK120016848	2344608	2344629	forward	ECK120030896	nrdAB-yfaE	+	nrdAp	-136.5	gaaatcgccgAACAGTTATTTTTAACAAATTTttctcttccc	[GEA|W|Gene expression analysis],[AIBSCS|W|Automated inference based on similarity to consensus sequences]	Weak
ECK120011235	CRP	ECK120013367	2477693	2477714	forward	ECK120031613	dsdXA	+	dsdXp	-117.5	tgagatgagcTAAAGTGAACCATATCTCAATTcaccttcatt	[BCE|W|Binding of cellular extracts]	Weak
ECK120011235	CRP	ECK120013365	2477723	2477744	forward	ECK120031612	dsdXA	+	dsdXp	-87.5	ttcaccttcaTTTTTAGATGTAAATCACTCCAttgatgcaat	[BCE|W|Binding of cellular extracts]	Weak
ECK120011235	CRP	ECK120014152	2512909	2512930	forward	ECK120032156	nupC	+	nupCp	-89.5	aacatagcagAAATGTATGACAGATCACTATTtttgaagcct	[GEA|W|Gene expression analysis],[HIBSCS|W|Human inference based on similarity to consensus sequences]	Weak
ECK120011235	CRP	ECK120014150	2512958	2512979	forward	ECK120032157	nupC	+	nupCp	-40.5	gacgtcattaTAGTGTGTGTCAGATCTCGTTTtccttaacca	[GEA|W|Gene expression analysis],[HIBSCS|W|Human inference based on similarity to consensus sequences]	Weak
ECK120011235	CRP	ECK120013571	2533555	2533576	forward	ECK120031560	ptsHI-crr	-	ptsHp2	-35.5	gctgaatcgaTTTTATGATTTGGTTCAATTCTtcctttagcg	[GEA|W|Gene expression analysis],[AIBSCS|W|Automated inference based on similarity to consensus sequences],[HIBSCS|W|Human inference based on similarity to consensus sequences]	Weak
ECK120011235	CRP	ECK120013571	2533555	2533576	forward	ECK120031609	ptsHI-crr	+	ptsHp1	-42.5	gctgaatcgaTTTTATGATTTGGTTCAATTCTtcctttagcg	[GEA|W|Gene expression analysis],[AIBSCS|W|Automated inference based on similarity to consensus sequences],[HIBSCS|W|Human inference based on similarity to consensus sequences]	Weak
ECK120011235	CRP	ECK125135236	2585566	2585587	forward	ECK125135237	narQ	-	narQp	-.5	tattctttatATGAGTGTTGTTATTACCCGACttacagggga	[GEA|W|Gene expression analysis],[HIBSCS|W|Human inference based on similarity to consensus sequences]	Weak
ECK120011235	CRP	ECK120012054	2601000	2601021	forward	ECK120031188	hyfABCDEFGHIJR-focB	+	hyfAp	-160.5	atacctcactTCTCGTGATCAAGATCACATTCtcgctttccc	[GEA|W|Gene expression analysis],[HIBSCS|W|Human inference based on similarity to consensus sequences]	Weak
ECK120011235	CRP	ECK120011865	2665348	2665369	forward	ECK120031483	csiE	+	csiEp	-42.5	acgcttgccaACATTTCTGATGATTAGCATTCccttcgccat	[GEA|W|Gene expression analysis]	Weak
ECK120011235	CRP	ECK120016854	2716553	2716574	reverse	ECK120032858	grcA	+	grcAp1	-40.5	atgtgtggttTTTATTGATTTAAATCAAAGATtcaagggtgt	[GEA|W|Gene expression analysis],[AIBSCS|W|Automated inference based on similarity to consensus sequences]	Weak
ECK120011235	CRP	ECK125141244	2719839	2719860	forward	ECK125141245	patZ	+	pkap	-81.5	ggcgagcattTTACCCGCTTTAAAACACGCTAtctggcagga	[GEA|W|Gene expression analysis],[AIBSCS|W|Automated inference based on similarity to consensus sequences]	Weak
ECK120011235	CRP	ECK125141242	2719879	2719900	forward	ECK125141243	patZ	+	pkap	-41.5	gaaaaacgcaACATCTGGGTAGCATCACAGCAgaacagttag	[GEA|W|Gene expression analysis],[AIBSCS|W|Automated inference based on similarity to consensus sequences]	Weak
ECK120011235	CRP	ECK120016840	2750980	2751001	reverse	ECK120031432	grpE	+	grpEp	-243.5	caatctccgcGAGCGTGCCAGTTTTCACATTCttcagttgca	[GEA|W|Gene expression analysis],[AIBSCS|W|Automated inference based on similarity to consensus sequences]	Weak
ECK120011235	CRP	ECK120016852	2825438	2825459	forward	ECK120031909	srlAEBD-gutM-srlR-gutQ	+	srlAp	-342	atctgcatcaCATTGTGCTGCGGCTCAAGCAGgaagccgcca	[GEA|W|Gene expression analysis],[AIBSCS|W|Automated inference based on similarity to consensus sequences]	Weak
ECK120011235	CRP	ECK120016850	2825739	2825760	forward	ECK120031910	srlAEBD-gutM-srlR-gutQ	+	srlAp	-41.5	ttatctttcaTTTTGCGATCAAAATAACACTTttaaatcttt	[GEA|W|Gene expression analysis],[AIBSCS|W|Automated inference based on similarity to consensus sequences]	Weak
ECK120011235	CRP	ECK120011480	3058618	3058639	reverse	ECK120032710	serA	+	serAp2	-80	cccccgttaaAAAAATTCTCTTCATTAAATTTggtgacatgt	[GEA|W|Gene expression analysis],[HIBSCS|W|Human inference based on similarity to consensus sequences]	Weak
ECK120011235	CRP	ECK120016860	3086506	3086527	forward	ECK120032731	metK	-	metKp	-60.5	gtttttaacaGAATGAGACACGATTCAAAAAAaagtggaaat	[GEA|W|Gene expression analysis],[AIBSCS|W|Automated inference based on similarity to consensus sequences]	Weak
ECK120011235	CRP	ECK120015205	3088202	3088223	forward	ECK120032458	galP	+	galPp	-42.5	gcgattacacTGATGTGATTTGCTTCACATCTttttacgtcg	[GEA|W|Gene expression analysis],[HIBSCS|W|Human inference based on similarity to consensus sequences]	Weak
ECK120011235	CRP	ECK120016836	3128177	3128198	forward	ECK120032370	glcC	+	glcCp	-18.5	ggttaactcaATGTTAAATTGATGTAACATAAtcacttacgt	[GEA|W|Gene expression analysis],[AIBSCS|W|Automated inference based on similarity to consensus sequences]	Weak
ECK120011235	CRP	ECK120013379	3192042	3192063	reverse	ECK120031600	glgS	+	glgSp1	-40.5	tttcactaaaAAGTGTGATCGGGGACAATATAtttacgcacg	[GEA|W|Gene expression analysis],[HIBSCS|W|Human inference based on similarity to consensus sequences]	Weak
ECK120011235	CRP	ECK125110251	3231552	3231573	forward	ECK125110252	fadH	+	fadHp	-61.5	ccgggcgtatTCTTTTTGAATCCCATCACAAAccccgcactc	[GEA|W|Gene expression analysis],[HIBSCS|W|Human inference based on similarity to consensus sequences]	Weak
ECK120011235	CRP	ECK120048932	3244830	3244851	forward	ECK120048933	exuT	+	exuTp2	-161.5	ccgaagatatTTTCGTGAGTTAGATCAATAAAcgtagttaaa	[AIBSCS|W|Automated inference based on similarity to consensus sequences]	Weak
ECK120011235	CRP	ECK120018504	3244952	3244973	forward	ECK120049005	exuT	+	exuTp2	-39.5	atattcccacATTTGTGATGGCTCTCACCTTTtaaagttgta	[HIBSCS|W|Human inference based on similarity to consensus sequences]	Weak
ECK120011235	CRP	ECK120018504	3244952	3244973	reverse	ECK125145886	uxaCA	+	uxaCp	-105.5	tacaactttaAAAGGTGAGAGCCATCACAAATgtgggaatat	[HIBSCS|W|Human inference based on similarity to consensus sequences]	Weak
ECK120011235	CRP	ECK120013972	3384363	3384384	reverse	ECK120032220	mdh	+	mdhp1	-60.5	ataaacgctaAACTTGCGTGACTACACATTCTtgagatgtgg	[BCE|W|Binding of cellular extracts],[GEA|W|Gene expression analysis]	Weak
ECK120011235	CRP	ECK125135226	3389483	3389504	reverse	ECK125135227	aaeXAB	+	aaeXp	-63.5	actctgacttAAAAGTGATTTAGATCACATAAtatagataac	[GEA|W|Gene expression analysis],[HIBSCS|W|Human inference based on similarity to consensus sequences]	Weak
ECK120011235	CRP	ECK125135226	3389483	3389504	forward	ECK125135228	aaeR	-	aaeRp	-2.5	gttatctataTTATGTGATCTAAATCACTTTTaagtcagagt	[GEA|W|Gene expression analysis],[HIBSCS|W|Human inference based on similarity to consensus sequences]	Weak
ECK120011235	CRP	ECK120016856	3409983	3410004	forward	ECK120030965	dusB-fis	+	dusBp	-252.5	acgcggggcgAAGTGCGAGCAAGCTCACAAAAggcacgtaaa	[GEA|W|Gene expression analysis],[AIBSCS|W|Automated inference based on similarity to consensus sequences]	Weak
ECK120011235	CRP	ECK120016858	3410068	3410089	forward	ECK120030964	dusB-fis	+	dusBp	-167.5	cataaagaaaAATTGAGAACTTACTCAAATTTctttgagtgt	[GEA|W|Gene expression analysis],[AIBSCS|W|Automated inference based on similarity to consensus sequences]	Weak
ECK120011235	CRP	ECK120016864	3493680	3493701	forward	ECK120030883	nirBDC-cysG	-	nirBp	-296.5	acgctgtcgtCTTTGTGATGTGCTTCCTGTTAggtttcgtca	[GEA|W|Gene expression analysis],[AIBSCS|W|Automated inference based on similarity to consensus sequences]	Weak
ECK120011235	CRP	ECK120016862	3493935	3493956	forward	ECK120030884	nirBDC-cysG	-	nirBp	-41.5	atataaaggtGAATTTGATTTACATCAATAAGcggggttgct	[GEA|W|Gene expression analysis],[AIBSCS|W|Automated inference based on similarity to consensus sequences]	Weak
ECK120011235	CRP	ECK120012137	3544615	3544636	forward	ECK120032566	gntX-nfuA	+	gntXp	-41.5	gcctaaccaaATGGCTTTATCAGGTGCCTGTTgcagcacggc	[AIBSCS|W|Automated inference based on similarity to consensus sequences]	Weak
ECK120011235	CRP	ECK120013297	3577703	3577724	reverse	ECK120031601	gntK	+	gntKp	-68.5	ttaagcccacAAATTTGAAGTAGCTCACACTTatacacttaa	[BCE|W|Binding of cellular extracts],[GEA|W|Gene expression analysis],[HIBSCS|W|Human inference based on similarity to consensus sequences]	Weak
ECK120011235	CRP	ECK120013297	3577703	3577724	reverse	ECK120031601	gntKU	+	gntKp	-68.5	ttaagcccacAAATTTGAAGTAGCTCACACTTatacacttaa	[BCE|W|Binding of cellular extracts],[GEA|W|Gene expression analysis],[HIBSCS|W|Human inference based on similarity to consensus sequences]	Weak
ECK120011235	CRP	ECK120012882	3600887	3600908	reverse	ECK120031850	rpoH	+	rpoHp5	-48.5	tcacaagcttGCATTGAACTTGTGGATAAAATcacggtctga	[BCE|W|Binding of cellular extracts]	Weak
ECK120011235	CRP	ECK120015684	3667659	3667680	reverse	ECK120031346	gadAX	-	gadAp	-62.5	cgtttttctgCTTAGGATTTTGTTATTTAAATtaagcctgta	[GEA|W|Gene expression analysis],[HIBSCS|W|Human inference based on similarity to consensus sequences]	Weak
ECK120011235	CRP	ECK120012508	3730878	3730899	reverse	ECK120031376	xylAB	+	xylAp	-81.5	ttccattttaTTTTGCGAGCGAGCGCACACTTgtgaattatc	[GEA|W|Gene expression analysis],[AIBSCS|W|Automated inference based on similarity to consensus sequences],[HIBSCS|W|Human inference based on similarity to consensus sequences]	Weak
ECK120011235	CRP	ECK120012508	3730878	3730899	forward	ECK120031381	xylFGHR	+	xylFp	-180.5	gataattcacAAGTGTGCGCTCGCTCGCAAAAtaaaatggaa	[GEA|W|Gene expression analysis],[AIBSCS|W|Automated inference based on similarity to consensus sequences],[HIBSCS|W|Human inference based on similarity to consensus sequences]	Weak
ECK120011235	CRP	ECK120013057	3737228	3737249	forward	ECK120031932	malS	+	malSp	-231.5	tttttcacaaATTTGAGAGTTGAATCTCAAATcatatcaaaa	[AIBSCS|W|Automated inference based on similarity to consensus sequences]	Weak
ECK120011235	CRP	ECK120012949	3888341	3888362	forward	ECK120031796	tnaC	+	tnaCp	-59.5	ctccccgaacGATTGTGATTCGATTCACATTTaaacaatttc	[BCE|W|Binding of cellular extracts],[GEA|W|Gene expression analysis],[AIBSCS|W|Automated inference based on similarity to consensus sequences],[HIBSCS|W|Human inference based on similarity to consensus sequences]	Weak
ECK120011235	CRP	ECK120012949	3888341	3888362	forward	ECK120031796	tnaCAB	+	tnaCp	-59.5	ctccccgaacGATTGTGATTCGATTCACATTTaaacaatttc	[BCE|W|Binding of cellular extracts],[GEA|W|Gene expression analysis],[AIBSCS|W|Automated inference based on similarity to consensus sequences],[HIBSCS|W|Human inference based on similarity to consensus sequences]	Weak
ECK120011235	CRP	ECK120014163	3933249	3933270	forward	ECK120031706	rbsDACBKR	+	rbsDp	-62.5	ccatgtaaaaCGTTTCGAGGTTGATCACATTTccgtaacgtc	[GEA|W|Gene expression analysis],[AIBSCS|W|Automated inference based on similarity to consensus sequences]	Weak
ECK120011235	CRP	ECK120014148	4049804	4049825	forward	ECK120031185	spf	-	spfp	-84.5	agctgtcacgTTTTGTGATGGCTATTAGAAATtcctatgcaa	[HIBSCS|W|Human inference based on similarity to consensus sequences]	Weak
ECK120011235	CRP	ECK120012721	4058283	4058304	reverse	ECK120031006	glnA	+	glnAp1	-71.5	ttgcagagtcCCTTTGTGATCGCTTTCACGGAgcataaaaag	[HIBSCS|W|Human inference based on similarity to consensus sequences]	Weak
ECK120011235	CRP	ECK120012721	4058283	4058304	reverse	ECK120031006	glnALG	+	glnAp1	-71.5	ttgcagagtcCCTTTGTGATCGCTTTCACGGAgcataaaaag	[HIBSCS|W|Human inference based on similarity to consensus sequences]	Weak
ECK120011235	CRP	ECK120013287	4097554	4097575	reverse	ECK120032329	rhaBAD	+	rhaBp	-92.5	caattcagcaAATTGTGAACATCATCACGTTCatctttccct	[BCE|W|Binding of cellular extracts],[GEA|W|Gene expression analysis],[HIBSCS|W|Human inference based on similarity to consensus sequences]	Weak
ECK120011235	CRP	ECK120012345	4097584	4097605	reverse	ECK120032326	rhaBAD	+	rhaBp	-122.5	tcaggaaatgCGGTGAGCATCACATCACCACAattcagcaaa	[GEA|W|Gene expression analysis],[AIBSCS|W|Automated inference based on similarity to consensus sequences]	Weak
ECK120011235	CRP	ECK120013580	4100649	4100670	reverse	ECK120031710	rhaT	+	rhaTp	-93.5	aaaatgcccgAGATGTGAAGCAAATCACCCACttaatgccgt	[GEA|W|Gene expression analysis],[AIBSCS|W|Automated inference based on similarity to consensus sequences]	Weak
ECK120011235	CRP	ECK120013580	4100649	4100670	forward	ECK120031854	sodA	+	sodAp	-99.5	acggcattaaGTGGGTGATTTGCTTCACATCTcgggcatttt	[GEA|W|Gene expression analysis],[AIBSCS|W|Automated inference based on similarity to consensus sequences]	Weak
ECK120011235	CRP	ECK120013468	4118188	4118209	reverse	ECK120032094	glpFKX	+	glpFp	-37.5	cacacacattTTAAGTTCGATATTTCTCGTTTttgctcgtta	[GEA|W|Gene expression analysis],[HIBSCS|W|Human inference based on similarity to consensus sequences]	Weak
ECK120011235	CRP	ECK120013466	4118211	4118232	reverse	ECK120032093	glpFKX	+	glpFp	-60.5	ataacgctcaTTTTATGACGAGGCACACACATtttaagttcg	[GEA|W|Gene expression analysis],[HIBSCS|W|Human inference based on similarity to consensus sequences]	Weak
ECK120011235	CRP	ECK120016842	4201671	4201692	forward	ECK120031167	zraSR	+	zraSp	-223.5	ccagggcaatTTTCGTGTTCCGTTTCATGGTTaatcctccag	[GEA|W|Gene expression analysis],[AIBSCS|W|Automated inference based on similarity to consensus sequences]	Weak
ECK120011235	CRP	ECK120016026	4215361	4215382	forward	ECK120031095	aceBAK	-	aceBp	-30.5	ttaaaatggaAATTGTTTTTGATTTTGCATTTtaaatgagta	[GEA|W|Gene expression analysis],[AIBSCS|W|Automated inference based on similarity to consensus sequences]	Weak
ECK120011235	CRP	ECK120014061	4348860	4348881	reverse	ECK120031248	dcuB-fumB	+	dcuBp	-106.5	agccaatattCACTGTGAGGTATTTGCTAAAGccggtaacga	[GEA|W|Gene expression analysis],[HIBSCS|W|Human inference based on similarity to consensus sequences]	Weak
ECK120011235	CRP	ECK120015761	4368512	4368533	reverse	ECK120032147	aspA	+	aspAp	-90.5	gtaatcccaaAGCGGTGATCTATTTCACAAATtaataattaa	[GEA|W|Gene expression analysis],[HIBSCS|W|Human inference based on similarity to consensus sequences]	Weak
ECK120011235	CRP	ECK120015761	4368512	4368533	reverse	ECK120032147	aspA-dcuA	+	aspAp	-90.5	gtaatcccaaAGCGGTGATCTATTTCACAAATtaataattaa	[GEA|W|Gene expression analysis],[HIBSCS|W|Human inference based on similarity to consensus sequences]	Weak
ECK120011235	CRP	ECK120012490	4455680	4455701	forward	ECK120032822	mpl	+	mplp1	-37.5	caatgttgcgCTCAGGTGAATCGCGCCAGCAAattacggatt	[AIBSCS|W|Automated inference based on similarity to consensus sequences]	Weak
ECK120011235	CRP	ECK120013483	4466188	4466209	reverse	ECK120032322	treBC	-	treBp	12	tctgcagccaACCAAAAATGTCATCTGCCATGgggctttatg	[HIBSCS|W|Human inference based on similarity to consensus sequences]	Weak
ECK120011235	CRP	ECK120012197	4494466	4494487	forward	ECK120032577	idnK	+	idnKp	-120.5	aactgtcattATTTGTGATGAAGATCACGTCAgaaaattgtt	[GEA|W|Gene expression analysis],[AIBSCS|W|Automated inference based on similarity to consensus sequences],[HIBSCS|W|Human inference based on similarity to consensus sequences]	Weak
ECK120011235	CRP	ECK120012197	4494466	4494487	reverse	ECK120032585	idnDOTR	+	idnDp	-41.5	aacaattttcTGACGTGATCTTCATCACAAATaatgacagtt	[GEA|W|Gene expression analysis],[AIBSCS|W|Automated inference based on similarity to consensus sequences],[HIBSCS|W|Human inference based on similarity to consensus sequences]	Weak
ECK120011235	CRP	ECK120012200	4494516	4494537	forward	ECK120032579	idnK	+	idnKp	-70.5	atgttacgcaTAACGTGATGTGCCTTGTAATTcttatcagta	[GEA|W|Gene expression analysis],[HIBSCS|W|Human inference based on similarity to consensus sequences]	Weak
ECK120011235	CRP	ECK120012200	4494516	4494537	reverse	ECK120032583	idnDOTR	+	idnDp	-91.5	tactgataagAATTACAAGGCACATCACGTTAtgcgtaacat	[GEA|W|Gene expression analysis],[HIBSCS|W|Human inference based on similarity to consensus sequences]	Weak
ECK120011235	CRP	ECK120016838	4551344	4551365	reverse	ECK120032561	gntP	+	gntPp	-20.5	tcatcgcaacAATGGTTGACCAATTTACATAAcatatcgccc	[GEA|W|Gene expression analysis],[AIBSCS|W|Automated inference based on similarity to consensus sequences]	Weak
ECK120011235	CRP	ECK120012129	4551365	4551386	forward	ECK120031316	uxuAB	+	uxuAp	-142.5	ggtcaaccatTGTTGCGATGAATGTCACATCCtctgatcaat	[GEA|W|Gene expression analysis],[AIBSCS|W|Automated inference based on similarity to consensus sequences]	Weak
ECK120011235	CRP	ECK120012129	4551365	4551386	reverse	ECK120032563	gntP	+	gntPp	-41.5	attgatcagaGGATGTGACATTCATCGCAACAatggttgacc	[GEA|W|Gene expression analysis],[AIBSCS|W|Automated inference based on similarity to consensus sequences]	Weak
ECK120011235	CRP	ECK120011814	4611130	4611151	forward	ECK120031761	osmY	-	osmYp	-12.5	gcggtttcaaAATTGTGATCTATATTTAACAAagtgatgaca	[IHBCE|W|Inferred by a human based on computational evidence],[GEA|W|Gene expression analysis],[HIBSCS|W|Human inference based on similarity to consensus sequences]	Weak
ECK120011235	CRP	ECK120013340	4611143	4611164	forward	ECK120031767	osmY	-	osmYp	1.5	tgtgatctatATTTAACAAAGTGATGACATTTctgacggcgt	[IHBCE|W|Inferred by a human based on computational evidence],[GEA|W|Gene expression analysis],[HIBSCS|W|Human inference based on similarity to consensus sequences]	Weak
ECK120011235	CRP	ECK120011812	4611154	4611175	forward	ECK120031762	osmY	-	osmYp	12.5	tttaacaaagTGATGACATTTCTGACGGCGTTaaataccgtt	[IHBCE|W|Inferred by a human based on computational evidence],[GEA|W|Gene expression analysis]	Weak
