CRPBS,Distance of Center Position of CRPBS to TSS,Transcription Unit,Regulatory Role,Pred role,Pred probability
tccacattgaTTATTTGCACGGCGTCACACTTtgctatgcca,-93.5,araBAD,+,activation,0.0423509
tggcatagcaAAGTGTGACGCCGTGCAAATAAtcaatgtgga,-72.5,araC,+,activation,0.00491744
aagacaagaaATTTGCGAGGCGTTACGAAGAAagttggggaa,20.5,ppdD-hofBC,+,repression,0.850574
ataaagctcgAATTGTGATGACGATCACACATgttaaaacct,-65.5,hpt,+,activation,0.00576692
aggttttaacATGTGTGATCGTCATCACAATTcgagctttat,-31.5,gcd,-,repression,0.521709
taatccgcaaATATGCGTTTCAGTTAACGTTTcaggcaatgt,-68.5,prpR,+,activation,0.0887859
acattgcctgAAACGTTAACTGAAACGCATATttgcggatta,-106.5,prpBCDE,+,activation,0.0198881
ttcctgtgtgAAATTGTTATCCGCTCACAATTccacacaaca,11.5,lacZYA,+,activation,0.401827
ttcctgtgtgAAATTGTTATCCGCTCACAATTccacacaaca,26.5,lacZYA,-,repression,0.897812
ttcctgtgtgAAATTGTTATCCGCTCACAATTccacacaaca,33.5,lacZYA,-,repression,0.897812
ggggtgcctaATGAGTGAGCTAACTCACATTAattgcgttgc,-61.5,lacZYA,+,activation,0.141966
ggggtgcctaATGAGTGAGCTAACTCACATTAattgcgttgc,-46.5,lacZYA,-,activation,0.227065
ggggtgcctaATGAGTGAGCTAACTCACATTAattgcgttgc,-39.5,lacZYA,-,activation,0.0862168
agttgcgctgTACTGTGCGCGCAACGACATTTtgtccgagtc,-40.5,mhpR-lacI,+,activation,0.312825
aaaatgacttTTTTCATACCACCATCACAACCaccagaacgg,44.5,araJ,-,repression,0.612414
ctgaatagttATTTCACTGCAAACGTACTTTCcagtttgctg,-90.5,araJ,+,activation,0.00491808
gtgactgcaaAATAGTGACCTCGCGCAAAATGcactaataaa,-83.5,hupB,+,activation,0.00491744
ttcatctaatCAATGTGATTATTTCAAGATGTaagttttggt,-31.5,nmpC,+,repression,0.890395
ttctcgtttgATTTGTGAAGTAGATCTCTATTtttatctgaa,-73.5,nmpC,+,activation,0.031721
actcggttaaCGGAGTGATCGAGTTAACATTGttaagttaaa,-89.5,cstA,+,activation,0.043683
acatcaaaaaTAACGCGACTTTTATCACTTTTtagtaaagtt,-61.5,cspE,+,activation,0.0887917
ttgttaataaAAACGTGGCACAGCTTACATTTacaacggcaa,-70.5,fur,+,activation,0.0200037
ttgttaataaAAACGTGGCACAGCTTACATTTacaacggcaa,-77.5,fur,+,activation,0.0195683
aagatgcgaaAAGTGTGACATGGAATAAATTAgtggaatcgt,-41.5,galE,+,activation,0.0347923
aagatgcgaaAAGTGTGACATGGAATAAATTAgtggaatcgt,-41.5,galET,+,activation,0.0347923
aagatgcgaaAAGTGTGACATGGAATAAATTAgtggaatcgt,-41.5,galETK,+,activation,0.0347923
aagatgcgaaAAGTGTGACATGGAATAAATTAgtggaatcgt,-41.5,galETKM,+,activation,0.0347923
aagatgcgaaAAGTGTGACATGGAATAAATTAgtggaatcgt,-36.5,galE,-,activation,0.238879
aagatgcgaaAAGTGTGACATGGAATAAATTAgtggaatcgt,-36.5,galET,-,activation,0.238879
aagatgcgaaAAGTGTGACATGGAATAAATTAgtggaatcgt,-36.5,galETK,-,activation,0.238879
aagatgcgaaAAGTGTGACATGGAATAAATTAgtggaatcgt,-36.5,galETKM,-,activation,0.238879
tatgaatcaaAAATTTGAAGCAGTTAACGCTAttgacaggaa,-83.5,cspD,+,activation,0.00537727
ctattgacagGAATGTGACAGATGTCGCTGATgccaacgata,-112.5,cspD,+,activation,0.0120481
ttatagatgaGAAATTGATATAGATCATATCTcgcctggctt,-40.5,focA-pflB,+,activation,0.166917
agagattcttTTGTGTGATGCAAGCCACATTTttgccctcaa,-86,serC,-,repression,0.832045
agagattcttTTGTGTGATGCAAGCCACATTTttgccctcaa,-86,serC-aroA,-,repression,0.832045
acgtttgaaaTATTGTGACATATGTTTTGTCAaaatgtgcaa,-94.5,ptsG,+,activation,0.0783322
tctgaagttgAAACGTGATAGCCGTCAAACAAattggcactg,-40.5,ptsG,+,activation,0.380455
actaaatgatAGATGTGATCTGGATCACATACaagatatttt,-152.5,comR,-,activation,0.132102
aaaatatcttGTATGTGATCCAGATCACATCTatcatttagt,-36.5,bhsA,-,repression,0.683358
ttatttctatTAATATGATAAATATCAAACAAtgtttaatgt,-61.5,hlyE,+,activation,0.00387304
agagtcagggAGATGTGAGCCAGCTCACCATAaaaaagccgc,-43.5,dadAX,+,activation,0.0286434
agagtcagggAGATGTGAGCCAGCTCACCATAaaaaagccgc,-72.5,dadAX,+,activation,0.00725191
agagtcagggAGATGTGAGCCAGCTCACCATAaaaaagccgc,-59.5,dadAX,+,activation,0.0183687
tgagttatcaAGATGTGATTAGATTATTATTCttttactgta,-9.5,dadAX,+,activation,0.0748454
agttatcaagATGTGATTAGATTATTATTCTTttactgtatc,7,dadAX,+,activation,0.088678
taagggttgtAATTGTGATCACGCCCGCACATaacccactgg,-41.5,ychH,+,activation,0.0568295
gccaattttcTTCAGTGACAGATTTCACGAAAatataagtta,-52.5,mcaS,+,activation,0.0419133
tgtatgtttgAACTGTGACGGATTTCGCACCCtatttttata,-58.5,paaABCDEFGHIJK,+,activation,0.00632147
tataaaaataGGGTGCGAAATCCGTCACAGTTcaaacataca,-136.5,paaZ,+,activation,0.0886981
attgttgtaaAAATGTGACGCAAAGAGGTTTTtggtcataag,-52.5,trg,+,activation,0.0646557
cgtagagtcaAACTGTGGTTGCCATCACAGATataaatgagc,-142.5,lsrACDBFG-tam,+,activation,0.0434409
gctcatttatATCTGTGATGGCAACCACAGTTtgactctacg,-60.5,lsrRK,+,activation,0.0350424
ttgcacatatTTCCGACGAATAGATCACAATTtatgctattt,-71.5,lsrACDBFG-tam,+,activation,0.00260867
aaatagcataAATTGTGATCTATTCGTCGGAAatatgtgcaa,-131.5,lsrRK,+,activation,0.0412526
agcgggtgcaTTGTGTGAGTTGTATCTGCTGGaagaagtcat,-53.5,fumC,+,activation,0.220357
atgaaagggtTTGTTTGACATTGTTCTCTCACttactgcctg,63.5,fumA,+,activation,0.239046
atgaaagggtTTGTTTGACATTGTTCTCTCACttactgcctg,63.5,fumAC,+,activation,0.239046
ataaaaggtaAAACGTTTTATCTGTCACATAAtcagggagta,-101.5,malXY,+,activation,0.0357771
tactccctgaTTATGTGACAGATAAAACGTTTtaccttttat,17.5,malI,-,activation,0.429164
tatcaaatttTAGTGAGGCATAAATCACATTAcgcaacgata,-43.5,malI,+,activation,0.0433407
tatcgttgcgTAATGTGATTTATGCCTCACTAaaatttgata,-41.5,malXY,+,activation,0.0542915
cttgacctgtGGTTATGACCCTCTTCACATTTcgggcaaata,-83.5,chbBCARFG,+,activation,0.0184425
ccaacgaaaaGGTTGCGAAGCGCGTCACTATTtatttttatc,-59.5,fadD-sroD,+,activation,0.171295
attttcaataATGCGTGATGCAGATCACACAAaacactcaat,-71.5,flhDC,+,activation,0.17657
ttaattctccATAGGAGAGCAATATCACATCGcagaattaca,-42.5,araFGH,+,activation,0.00790343
tgagtgttgaTTATGCGAGCAGACTCGCACTCctgccagtct,-41.5,sbmC,+,activation,0.0373622
ggatggaaaaTTCTTAGAAACCGATCACATACagctgcattt,-42.5,cyaR,+,activation,0.132502
tgtttttaaaTATCGAGATAACGATCACAAAAacgacaatat,-40.5,gatYZABCD,+,activation,0.473426
taatgggctaAAATTTGCGATGCGTCGCGCATttttgatgta,-94.5,cdd,-,repression,0.832069
atgggctaaaATTTGCGATGCGTCGCGCATTTttgatgtatg,-92.5,cdd,+,repression,0.863564
attgttaagaTACTGTGAAATCACTCACAGATtgaaagcggt,-41.5,mglBAC,+,activation,0.0568295
ttatttaataATGTGTGCGGCAATTCACATTTaatttatgaa,-90.5,glpABC,+,activation,0.0411281
ttcataaattAAATGTGAATTGCCGCACACATtattaaataa,-41.5,glpTQ,+,activation,0.246494
ttcgaaagtgAAACGTGATTTCATGCGTCATTttgaacattt,-40.5,glpABC,+,activation,0.337347
aaatgttcaaAATGACGCATGAAATCACGTTTcactttcgaa,-91.5,glpTQ,+,activation,0.0136987
aaaacatgaaTTGTTTGATTTCGCGCATATTCgctcataatt,-.5,glpABC,+,repression,0.826041
aattatgagcGAATATGCGCGAAATCAAACAAttcatgtttt,-131.5,glpTQ,+,activation,0.075698
gcaaaatcggATAAGTGACCGAAATCACACTTaaaaatgatc,-157.5,fadL,+,activation,0.0412526
ttaggtgcttTTTTGTGGCCTGCTTCAAACTTtcgcccctcc,-63.5,ptsHI-crr,+,activation,0.09847
ttaggtgcttTTTTGTGGCCTGCTTCAAACTTtcgcccctcc,-60.5,ptsHI-crr,+,activation,0.0887866
ccgcttaagtTCTTATGACGCTCTTCACACTCtgcgagtgta,-71.5,murQP,+,activation,0.0181943
ccgcttaagtTCTTATGACGCTCTTCACACTCtgcgagtgta,-79.5,murQP,+,activation,0.0181943
tgagaaggtaACATGTGAGCGAGATCAAATTCtaaatcagca,28.5,xseA,-,repression,0.832023
tgctgatttaGAATTTGATCTCGCTCACATGTtaccttctca,-117.5,guaBA,+,activation,0.0317323
atgttactaaTTTGTTGCTTTTGATCACAATAagaaaacaat,-68.5,csiD-lhgO-gabDTP,+,activation,0.0155403
ggaaaaatatTCAGGTGACCGGTTTCACAAATataaaaaatg,-71.5,ascFB,+,activation,0.00491744
ccgttacaggCGCTGTGACCGTGGTCGCAGTTggcttgttgt,56.5,rpoS,+,repression,0.567441
ggtggaatttTGTGCAGGCTTGATCACAACTCcttgctctgc,-62.5,rpoS,+,activation,0.0199914
caggccttcaGAATGCGAAAAGCGTTCCAGTTtttcgcgatc,-60.5,relA-mazEF,+,activation,0.395833
tttcgattatTAAAGTGATGGTAGTCACATAAagtcaccttc,-80.5,fucPIKUR,+,activation,0.00260867
tctagctaatAAGTGTGACCGCCGTCATATTAcagagcgttt,-40.5,fucPIKUR,+,activation,0.0107267
cgacatgtcgTTATGTGATGGATATTCCAATTttcaaattaa,-94.5,araE,+,activation,0.0564045
cgacatgtcgTTATGTGATGGATATTCCAATTttcaaattaa,-94.5,araE-ygeA,+,activation,0.0564045
tatacaaagaTGATGTGATGAGAAAGTCAATTtgaataagac,-145.5,gcvTHP,+,activation,0.0412526
cgggagatgaAAGTGTGATGGGTATCAAATAAacaacagagg,-313.5,gcvTHP,+,activation,0.0412526
aagaagacatTTATCTGACTCACATCACACTTttatcccctt,-70.5,epd-pgk,+,activation,0.0277596
aagaagacatTTATCTGACTCACATCACACTTttatcccctt,-70.5,epd-pgk-fbaA,+,activation,0.0277596
gagatctacaAAGTTAGAGGCAGGTAACAAAAcgaagaatta,-91.5,ansB,+,activation,0.00888163
atgtttgcaaTTATTTGCCACAGGTAACAAAAaaccagtccg,-42.5,nupG,+,activation,0.0708845
gtttgcaattATTTGCCACAGGTAACAAAAAAccagtccgcg,-40.5,nupG,-,activation,0.166917
tttaaccgatTAATTTGATTTAGATCGCAATTtgcgatttaa,-49.5,aer,+,activation,0.0887158
aatgaacaggATATGTGCGACCACTCACAAATtaactttcaa,-43.5,tdcABCDEFG,+,activation,0.00984936
attatgtttcTTTTGTGAATCAGATCAGAAAAccattatctt,-60.5,kbaZ-agaVWA,+,activation,0.0320598
aacgttgacaAAATGTGGCGTGGATCACTATAatgcctgcag,-19.5,metY,-,repression,0.831962
aacgttgacaAAATGTGGCGTGGATCACTATAatgcctgcag,-19.5,metY-rimP-nusA-infB-rbfA-truB-rpsO-pnp,-,repression,0.831962
ctgcaggcatTATAGTGATCCACGCCACATTTtgtcaacgtt,-167.5,argG,+,activation,0.0470235
tttaataaagAATTTTGCGCTAAAGCACATTTctgtaccaat,-65.5,gltBDF,-,repression,0.780991
agaaagcttaTAATGCGATCTGCTTCACTAAAgtggcattat,-60.5,nanA,+,activation,0.0282199
agaaagcttaTAATGCGATCTGCTTCACTAAAgtggcattat,-60.5,nanATEK-yhcH,+,activation,0.0282199
gtgtctcgctTCAGCATGACCCAGGTCGCCTTccgttgcgcg,58.5,yhfA,-,repression,0.791175
cgcgcaacggAAGGCGACCTGGGTCATGCTGAagcgagacac,-59.5,crp,+,activation,0.0377466
actgcacggtAATGTGACGTCCTTTGCATACAtgcagtacat,-42.5,yhfA,+,activation,0.0359889
atgtactgcaTGTATGCAAAGGACGTCACATTaccgtgcagt,41.5,crp,-,repression,0.872398
tcactttttaTTCCGTGATCAAAATCACCTCTtaaaatgcaa,-7.5,ppiA,-,repression,0.841043
tcactttttaTTCCGTGATCAAAATCACCTCTtaaaatgcaa,12.5,ppiA,-,repression,0.559703
attgcaataaAACATTTAAACAGATCACAAAAtcacctaaaa,-95.5,ppiA,-,activation,0.0958526
tgttgcattcTGCTGGGAGCAGGCTCGATTTAtggcctatac,1.5,hofMNOP,+,activation,0.120075
aaagatgttcGCCTGCAAATTCCGATGCAGATttacagcgcc,-80.5,hofMNOP,+,activation,0.00740295
ttattgattcTGTTGATATGATCACGTTATACccaatgtgcg,-53,ompR-envZ,-,activation,0.0130858
ttattgattcTGTTGATATGATCACGTTATACccaatgtgcg,-121,ompR-envZ,+,activation,0.0493771
ttattgattcTGTTGATATGATCACGTTATACccaatgtgcg,-5,ompR-envZ,-,repression,0.588048
ttattgattcTGTTGATATGATCACGTTATACccaatgtgcg,-75,ompR-envZ,+,activation,0.00773077
ttccccgcgaTAATATGACCAACCTCTCATAAtttaaattta,-71.5,gntT,+,activation,0.00491744
ttccccgcgaTAATATGACCAACCTCTCATAAtttaaattta,-115.5,gntT,+,activation,0.0412526
ttccccgcgaTAATATGACCAACCTCTCATAAtttaaattta,-112.5,gntT,+,activation,0.0412526
aaagatttggAATTGTGACACAGTGCAAATTCagacacataa,-70.5,malT,+,activation,0.00492543
aaaaacatttTAGAGTGATATGTATAACATTAtggcgtttat,-63.5,glpD,+,activation,0.0648175
ataaacgccaTAATGTTATACATATCACTCTAaaatgttttt,-58.5,glpEGR,+,activation,0.0774254
taagatagtaAGGTGTCAGAAAGATGACAAGGcggtgacggc,-26.5,ugpBAECQ,+,repression,0.954533
tgttttatcaGACCGTGATTTTATCCACAAGTtcaatgcaag,-27.5,rpoH,-,repression,0.915855
tgttttatcaGACCGTGATTTTATCCACAAGTtcaatgcaag,-20.5,rpoH,-,repression,0.754019
attacgcacaAAATGTGACATAGAGATGAAATaccgggaaga,-80.5,rpoH,-,activation,0.00740295
attacgcacaAAATGTGACATAGAGATGAAATaccgggaaga,-73.5,rpoH,-,activation,0.00740295
caaggatgtaAATAATGAAAAGGATGACATATtcgaaacgat,-19.5,gadEF-mdtEF,-,repression,0.831962
aaaggttaaaAAGTTTGAGCTGGCTCGCACAAaccagcactt,-81.5,dctA,+,activation,0.00725191
tatctgtcgaGATCGTGAACTACGGCACACTTtgcgctacca,-105.5,yiaKLMNO-lyxK-sgbHUE,+,activation,0.0278055
tggtagcgcaAAGTGTGCCGTAGTTCACGATCtcgacagata,50.5,yiaJ,-,repression,0.900264
cggtaacagcTTTACGACAGCTATCACGAATTtacgggcaag,-60.5,aldB,+,activation,0.0231481
acgaaggcatAACATGCTGTAGATCACATCAGgtgaacgccg,-261.5,mtlADR,+,activation,0.00369552
taagaaaataTCTTGTGATTCAGATCACAAAGattcaacaaa,-219.5,mtlADR,+,activation,0.0412526
atcaaaacaaAAATGTGACACTACTCACATTTaaatgccatt,-175.5,mtlADR,+,activation,0.0697928
tacacaagcgTTTTGTGATGAACGTCACGTCAattacctctc,-102.5,mtlADR,+,activation,0.0105023
ccccctatatTTATGTGATTGATATCACACAAaaggccgtcg,-58.5,mtlADR,+,activation,0.00538207
cacagccgccAATGTGCTGTGCGTCAATAAAAatctggggaa,-61.5,secB-gpsA,+,activation,0.0574448
tatgaagtgaAAAGGTGAGATGCATCACGCTTcgcgcggtgt,-103.5,uhpT,+,activation,0.0388419
agcaagggaaAATTGAGGGGTTGATCACGTTTtgtactgaat,-64,ivbL,+,activation,0.0187923
agcaagggaaAATTGAGGGGTTGATCACGTTTtgtactgaat,-64,ivbL-ilvBN,+,activation,0.0187923
ctattgataaAAATATGACCATGCTCGCAGTTattaactttg,-61.5,bglG,+,activation,0.00387304
ctattgataaAAATATGACCATGCTCGCAGTTattaactttg,-61.5,bglGFB,+,activation,0.00387304
ctattgataaAAATATGACCATGCTCGCAGTTattaactttg,-41.5,bglG,+,activation,0.110029
tctgttctgtTAAATGTGTTTTGCTCATAGTGtggtagaata,-23.5,trxA,-,repression,0.96947
cagcaaggtgTTAAATTGATCACGTTTTAGACcattttttcg,-2,cyaA,-,repression,0.832038
gcatttgcgtCATGGTGATGAGTATCACGAAAaaatgttaaa,-41.5,udp,+,activation,0.0887942
attgcccctaAAAGGCGTTATCATGCGCACCAtcgtgcaaaa,-55.5,glnA,-,activation,0.0276177
attgcccctaAAAGGCGTTATCATGCGCACCAtcgtgcaaaa,-55.5,glnALG,-,activation,0.0276177
tgcccctaaaAGGCGTTATCATGCGCACCATCgtgcaaaagg,-57.5,glnA,-,activation,0.0247316
tgcccctaaaAGGCGTTATCATGCGCACCATCgtgcaaaagg,-57.5,glnALG,-,activation,0.0247316
tgaattgtggTGATGTGATGCTCACCGCATTTcctgaaaatt,-111.5,rhaSR,+,activation,0.0792684
gctcaccgcaTTTCCTGAAAATTCACGCTGTAtcttgaaaaa,-92.5,rhaSR,+,activation,0.0887386
taagaccagaAAACGTGATTTAACGCCTGATTtgtcgtacct,-63.5,hupA,+,activation,0.035307
acaaaaaataTAGATCTCCGTCACATTTTTGCgttatacagg,-25,psiE,-,repression,0.94564
ttaccgccaaTTCTGTAACAGAGATCACACAAagcgacggtg,-76.5,malEFG,+,activation,0.00740295
caccgtcgctTTGTGTGATCTCTGTTACAGAAttggcggtaa,-195.5,malK-lamB-malM,+,activation,0.0317323
cgtggcgattTTATGTGCGCATCTCCACATTAccgccaattc,-105.5,malEFG,+,activation,0.0887146
gaattggcggTAATGTGGAGATGCGCACATAAaatcgccacg,-166.5,malK-lamB-malM,+,activation,0.0886981
atgtaaggaaTTTCGTGATGTTGCTTGCAAAAatcgtggcga,-139.5,malEFG,+,activation,0.0412526
tcgccacgatTTTTGCAAGCAACATCACGAAAttccttacat,-132.5,malK-lamB-malM,+,activation,0.0886866
agaacacggcTTCTGTGAACTAAACCGAGGTCatgtaaggaa,-171.5,malEFG,+,activation,0.00536954
ttccttacatGACCTCGGTTTAGTTCACAGAAgccgtgttct,-100.5,malK-lamB-malM,+,activation,0.0263314
tttgtttagtATTTGGGCGACAGATCACGCAAaagtagaatt,-69.5,acs-yjcH-actP,+,activation,0.00497909
cggcagggtaATTTTTGAAGGTCAGCAACAAAagttgattaa,-122.5,acs-yjcH-actP,+,activation,0.329889
aaacgaaatcCATGTGTGAAGTTGATCACAAAtttaaacact,-122.5,proP,+,activation,0.0120481
aacgaaatccATGTGTGAAGTTGATCACAAATttaaacactg,-34.5,proP,-,repression,0.831936
agagggtgaaAACCGTGCTCCCACTCGCAGTCatcctccctc,-41.5,melR,+,activation,0.0568295
gagggaggatGACTGCGAGTGGGAGCACGGTTttcaccctct,-195.5,melAB,+,activation,0.0887766
taaactcagaTCCTGCGTGAAGCAGCAGTAAAtctgagttta,-155.5,melR,+,activation,0.0886981
taaactcagaTTTACTGCTGCTTCACGCAGGAtctgagttta,-81.5,melAB,+,activation,0.00740295
ttattcataaATTCGTGGGATCGTTCACGAAGtgcgtcagca,-57.5,dcuR,+,activation,0.0247316
ctggctgcgtGGTTGGGAAGGGGTTCACTGGCttgacagtga,-96.5,hfq-hflXKC,-,activation,0.105441
atgtggaattATTTGCGGGTCGCGTCACATTTaatcataaat,-60.5,ulaABCDEF,+,activation,0.127635
tacgctttgaAAATGATGACACTATCACAGTTggcgcattca,-44,cpdB,+,activation,0.0722721
acaaaaccagATTTGCAATTCGTGTCACAAAAtatgtcgatc,-61.5,nanCM,+,activation,0.00783595
acaaaaccagATTTGCAATTCGTGTCACAAAAtatgtcgatc,-61.5,nanCMS,+,activation,0.00783595
gaattctgaaATTGGTTAACCACATCACAAGAatttcactct,-57.5,uxuAB,+,activation,0.0121211
agagtgaaatTCTTGTGATGTGGTTAACCAATttcagaattc,-126.5,gntP,+,activation,0.0412526
gtgacgataaATATGTGATTCATATCACATATttatattgtg,-132.5,btsT,+,activation,0.0403224
agatttccttAATTGTGATGTGTATCGAAGTGtgttgcggag,-40.5,deoCABD,+,activation,0.0528747
